user,ae_score,if_score,rule_score,is_insider,scenario
user_0000,0.397049,0.662864,1.0,0,1
user_0001,0.385816,0.955623,0.0,0,2
user_0002,0.393837,0.286446,0.0,0,0
user_0003,0.046207,0.924808,0.0,0,0
user_0004,0.962628,0.024859,0.0,1,2
user_0005,0.239903,0.555198,3.0,0,2
user_0006,0.232852,0.633975,2.0,0,0
user_0007,0.51597,0.105897,3.0,0,2
user_0008,0.013095,0.14034,3.0,0,1
user_0009,0.172837,0.419114,3.0,0,2
user_0010,0.011632,0.966232,0.0,0,3
user_0011,0.17985,0.596043,1.0,0,0
user_0012,0.285924,0.933023,3.0,0,3
user_0013,0.063895,0.804361,0.0,0,1
user_0014,0.203393,0.467382,0.0,0,3
user_0015,0.025395,0.784763,2.0,0,1
user_0016,0.810929,0.017837,3.0,0,1
user_0017,0.052051,0.109144,3.0,0,3
user_0018,0.148831,0.829429,3.0,0,2
user_0019,0.068204,0.796817,0.0,0,0
user_0020,0.206003,0.232641,3.0,0,2
user_0021,0.036923,0.53077,3.0,0,3
user_0022,0.303536,0.606016,2.0,0,1
user_0023,0.20265,0.867739,3.0,0,3
user_0024,0.108303,0.603107,3.0,0,2
user_0025,0.068881,0.412572,1.0,0,1
user_0026,0.937927,0.374184,0.0,1,0
user_0027,0.012729,0.425882,1.0,0,2
user_0028,0.029666,0.651931,0.0,0,0
user_0029,0.113179,0.867491,0.0,0,3
user_0030,0.06419,0.453897,0.0,0,2
user_0031,0.208781,0.24784,2.0,0,1
user_0032,0.117005,0.236662,2.0,0,0
user_0033,0.039294,0.746014,2.0,0,2
user_0034,0.076148,0.816569,2.0,0,0
user_0035,0.105952,0.105278,2.0,0,1
user_0036,0.056783,0.066559,2.0,0,3
user_0037,0.053163,0.594434,0.0,0,3
user_0038,1.0,0.146173,3.0,1,3
user_0039,0.04904,0.824664,1.0,0,3
user_0040,0.220258,0.310335,0.0,0,2
user_0041,0.229698,0.143872,3.0,0,0
user_0042,0.179034,0.92097,2.0,0,3
user_0043,0.01206,0.165532,0.0,0,3
user_0044,0.187288,0.28472,0.0,0,3
user_0045,0.223666,0.153613,0.0,0,2
user_0046,0.185302,0.11549,1.0,0,0
user_0047,0.046249,0.021148,0.0,0,2
user_0048,0.053002,0.055395,2.0,0,1
user_0049,0.027371,0.174641,2.0,0,3
user_0050,0.058522,0.053382,3.0,0,1
user_0051,0.003491,0.591144,2.0,0,1
user_0052,0.027638,0.680715,2.0,0,0
user_0053,0.217178,0.39363,2.0,0,3
user_0054,0.659889,0.317991,0.0,0,3
user_0055,0.093067,0.504526,0.0,0,0
user_0056,0.046908,0.875005,2.0,0,1
user_0057,0.065688,0.851132,0.0,0,1
user_0058,0.059675,0.043475,0.0,0,1
user_0059,0.021409,0.181498,0.0,0,3
user_0060,0.178908,0.236745,3.0,0,0
user_0061,0.227218,0.249388,1.0,0,1
user_0062,0.249011,0.571233,2.0,0,0
user_0063,0.876914,0.416262,1.0,1,0
user_0064,0.34791,0.049254,0.0,0,3
user_0065,0.271646,0.373614,1.0,0,3
user_0066,0.17233,0.523753,0.0,0,0
user_0067,0.097854,0.101672,3.0,0,2
user_0068,0.007341,0.833459,0.0,0,0
user_0069,0.157981,0.051962,1.0,0,0
user_0070,0.10262,0.924842,3.0,0,1
user_0071,0.249036,0.099113,2.0,0,0
user_0072,0.334919,0.843575,1.0,0,1
user_0073,0.05484,0.902653,2.0,0,3
user_0074,0.008216,0.979571,3.0,0,2
user_0075,0.152732,0.802026,1.0,0,2
user_0076,0.421691,0.779478,2.0,0,1
user_0077,0.135598,0.642483,3.0,0,0
user_0078,0.35192,0.778996,2.0,0,0
user_0079,0.994516,0.134552,1.0,1,1
user_0080,0.217003,0.536068,0.0,0,0
user_0081,0.047692,0.514223,0.0,0,3
user_0082,0.022199,0.857572,3.0,0,3
user_0083,0.02353,0.462799,2.0,0,3
user_0084,0.019435,0.385089,1.0,0,2
user_0085,0.009029,0.639563,1.0,0,2
user_0086,0.283491,0.266463,2.0,0,2
user_0087,0.074088,0.139768,2.0,0,1
user_0088,0.063769,0.477877,2.0,0,2
user_0089,0.154406,0.416889,1.0,0,3
user_0090,0.030927,0.23257,2.0,0,3
user_0091,0.316801,0.367512,1.0,0,2
user_0092,0.213363,0.366392,3.0,0,0
user_0093,0.054374,0.327496,0.0,0,2
user_0094,0.033127,0.379464,0.0,0,1
user_0095,0.087697,0.685743,1.0,0,2
user_0096,0.050342,0.296876,2.0,0,2
user_0097,0.012508,0.948858,2.0,0,3
user_0098,0.083162,0.916348,1.0,0,1
user_0099,0.371892,0.48091,3.0,0,3
user_0100,0.166609,0.328361,1.0,0,3
user_0101,0.509053,0.535435,0.0,0,1
user_0102,0.337963,0.84856,0.0,0,1
user_0103,0.184617,0.652587,3.0,0,2
user_0104,0.305622,0.804392,0.0,0,3
user_0105,0.120051,0.532722,3.0,0,2
user_0106,0.176353,0.632918,1.0,0,3
user_0107,0.062792,0.288156,0.0,0,1
user_0108,0.036176,0.734893,1.0,0,2
user_0109,0.354228,0.202405,2.0,0,1
user_0110,0.023171,0.694798,1.0,0,3
user_0111,0.031031,0.860719,3.0,0,1
user_0112,0.051236,0.132103,2.0,0,2
user_0113,0.15978,0.61438,1.0,0,0
user_0114,0.068345,0.095096,2.0,0,3
user_0115,0.113041,0.725716,3.0,0,1
user_0116,0.356682,0.084493,1.0,0,1
user_0117,0.254611,0.93594,0.0,0,2
user_0118,0.193429,0.137408,1.0,0,1
user_0119,0.028232,0.95888,3.0,0,3
user_0120,0.19643,0.800884,0.0,0,2
user_0121,0.075056,0.593682,3.0,0,2
user_0122,0.020439,0.782624,2.0,0,0
user_0123,0.065964,0.795115,2.0,0,0
user_0124,0.011652,0.946027,1.0,0,1
user_0125,0.151124,0.253383,3.0,0,3
user_0126,0.16047,0.590076,0.0,0,3
user_0127,0.048603,0.095049,1.0,0,2
user_0128,0.007571,0.616166,1.0,0,2
user_0129,0.450739,0.171291,1.0,0,1
user_0130,0.133406,0.564951,1.0,0,0
user_0131,0.245752,0.572431,0.0,0,0
user_0132,0.058263,0.465985,0.0,0,1
user_0133,0.276853,0.522632,0.0,0,1
user_0134,0.271052,0.763923,2.0,0,0
user_0135,0.015381,0.799245,1.0,0,1
user_0136,0.897014,0.492153,2.0,1,0
user_0137,0.111243,0.599593,2.0,0,2
user_0138,0.230836,0.931236,2.0,0,3
user_0139,0.040246,0.119734,2.0,0,2
user_0140,0.775292,0.117104,2.0,0,1
user_0141,0.047272,0.087709,2.0,0,1
user_0142,0.266539,0.657863,2.0,0,1
user_0143,0.076476,0.418608,2.0,0,0
user_0144,0.128666,0.774321,1.0,0,2
user_0145,0.08721,0.671231,0.0,0,2
user_0146,0.936081,0.333638,3.0,1,0
user_0147,0.077999,0.898367,1.0,0,1
user_0148,0.101234,0.762532,2.0,0,1
user_0149,0.004743,0.270535,0.0,0,0
user_0150,0.262173,0.364192,1.0,0,2
user_0151,0.414462,0.31444,2.0,0,2
user_0152,0.095944,0.157612,2.0,0,2
user_0153,0.562177,0.147783,2.0,0,2
user_0154,0.027759,0.936127,1.0,0,3
user_0155,0.459878,0.437904,3.0,0,3
user_0156,0.846543,0.38332,2.0,0,2
user_0157,0.110427,0.729686,3.0,0,3
user_0158,0.402464,0.552993,2.0,0,1
user_0159,0.020961,0.93614,2.0,0,3
user_0160,0.031541,0.780301,3.0,0,3
user_0161,0.221715,0.47937,0.0,0,2
user_0162,0.162237,0.376359,3.0,0,3
user_0163,0.047557,0.986632,3.0,0,2
user_0164,0.814229,0.71776,2.0,0,2
user_0165,0.123836,0.951195,2.0,0,1
user_0166,0.818217,0.118479,2.0,0,3
user_0167,0.059176,0.850534,1.0,0,2
user_0168,0.126349,0.637074,3.0,0,3
user_0169,0.058493,0.121922,0.0,0,1
user_0170,0.050257,0.588258,1.0,0,3
user_0171,0.352349,0.686096,2.0,0,0
user_0172,0.091918,0.012303,3.0,0,0
user_0173,0.221203,0.454318,1.0,0,2
user_0174,0.049991,0.8254,1.0,0,2
user_0175,0.030723,0.295359,0.0,0,3
user_0176,0.188666,0.458548,0.0,0,1
user_0177,0.234089,0.442314,0.0,0,2
user_0178,0.157037,0.301927,0.0,0,2
user_0179,0.196088,0.918442,3.0,0,3
user_0180,0.168261,0.781294,3.0,0,2
user_0181,0.180334,0.110588,3.0,0,1
user_0182,0.372355,0.997035,0.0,0,3
user_0183,0.466289,0.8792,0.0,0,0
user_0184,0.109387,0.283908,1.0,0,3
user_0185,0.014986,0.836897,2.0,0,0
user_0186,0.231823,0.10642,1.0,0,1
user_0187,0.139747,0.999105,1.0,0,3
user_0188,0.403037,0.665685,0.0,0,2
user_0189,0.172492,0.650125,2.0,0,3
user_0190,0.023165,0.090441,1.0,0,2
user_0191,0.173274,0.897033,0.0,0,2
user_0192,0.094538,0.029,2.0,0,1
user_0193,0.019014,0.240828,3.0,0,0
user_0194,0.045226,0.143022,0.0,0,0
user_0195,0.574059,0.776768,1.0,0,1
user_0196,0.066542,0.198204,3.0,0,0
user_0197,0.042623,0.910638,2.0,0,2
user_0198,0.073343,0.656269,3.0,0,3
user_0199,0.341418,0.036163,1.0,0,3
